Title,Source
Chapter 1. Introduction to Sulfur Chemical Biology,The Chemical Biology of Sulfur
Part II: Chemical Biology of Organosulfur Metabolites,The Chemical Biology of Sulfur
Part I: Inorganic Sulfur Chemical Biology,The Chemical Biology of Sulfur
Why we created Green Chemical Engineering (GreenChE)?,Green Chemical Engineering
Chapter 10. N–P Bond Chemical Biology,The Chemical Biology of Phosphorus
Chapter 1. Introduction to Phosphorus Chemical Biology,The Chemical Biology of Phosphorus
Design and Chemical Engineering Practice,Introduction to Chemical Engineering
Career Diversities in Chemical Engineering,Introduction to Chemical Engineering
Graduate Programs in Chemical Engineering,Introduction to Chemical Engineering
Chemical Engineers' Areas of Expertise,Introduction to Chemical Engineering
Sustainability in Chemical Engineering Design,Introduction to Chemical Engineering
Chemical equilibrium and chemical kinetics,Oxford Scholarship Online
Chemical Book-keeping: Linear Algebra in Chemical Kinetics*,Kinetics of Chemical Reactions
Department: Chemical Engineering at Villanova University,Chemical Engineering Education
Economics and Chemical Engineering,Chemical Engineering for Non‐Chemical Engineers
What Is Chemical Engineering?,Chemical Engineering for Non‐Chemical Engineers
Appendix I: Future Challenges for Chemical Engineers and Chemical Engineering,Chemical Engineering for Non‐Chemical Engineers
The chemical weapons taboo,Syria and the Chemical Weapons Taboo
Chemical Engineering in Polymer Manufacture and Processing,Chemical Engineering for Non‐Chemical Engineers
Chemical safety – Chemical security,Journal of Chemical Health and Safety
Chemical modelling of fluids near surfaces,Chemical Modelling
Chemical separation (chemical engineering),AccessScience
Molecular Chemical Equilibria,Chemical Equilibria
Chapter 2. Physico-chemical foundations of chemical processes,Chemical Reaction Technology
Ultrafast chemical kinetics: Elementary chemical act,Chemical Physics Letters
Physico-Chemical Transformations and Equilibria,Chemical Equilibria
Other Titles from ISTE in Chemical Engineering,Chemical Equilibria
Properties of States of Physico-Chemical Equilibrium,Chemical Equilibria
Dispersion Interaction and Chemical Bonding,The Chemical Bond
Density functional theory of chemical reactivity,Chemical Modelling
Relativity and Chemical Bonding,The Chemical Bond
CONTENTS,Chemical Modelling
Chemical Equilibrium,Physical and Chemical Equilibrium for Chemical Engineers
Equilibrium in Complex Chemical Reactions,Physical and Chemical Equilibrium for Chemical Engineers
History of Chemical Reactions,Chemical Reactor Analysis and Applications for the Practicing Engineer
Index,Physical and Chemical Equilibrium for Chemical Engineers
Frontmatter,Physical and Chemical Equilibrium for Chemical Engineers
Basic Thermodynamics,Physical and Chemical Equilibrium for Chemical Engineers
Miscellaneous Chemical Techniques,Introduction to Pharmaceutical Chemical Analysis
Open Systems. Chemical Potential. Chemical Reactions,Chemical Thermodynamics at a Glance
Understanding and Using Chemical Permeation Data in the Selection of Chemical Protective Clothing,Chemical Protective Clothing Performance in Chemical Emergency Response
Advances in Chemical Engineering Mathematics in Chemical Kinetics and Engineering,Advances in Chemical Engineering - Mathematics in Chemical Kinetics and Engineering
Advances in Chemical Engineering - Mathematics in Chemical Kinetics and Engineering,Advances in Chemical Engineering
The scope of chemical thermodynamics,Chemical Thermodynamics
Chemical Process Performance Evaluation,Chemical Process Performance Evaluation
"Kinetics, Chemical",Hawley's Condensed Chemical Dictionary
Fine Chemical,Hawley's Condensed Chemical Dictionary
"Fixing Agent, Chemical",Hawley's Condensed Chemical Dictionary
"Formula, Chemical",Hawley's Condensed Chemical Dictionary
Dry Chemical,Hawley's Condensed Chemical Dictionary
"Purity, Chemical",Hawley's Condensed Chemical Dictionary
"Testing, Chemical",Hawley's Condensed Chemical Dictionary
"Microscopy, Chemical",Hawley's Condensed Chemical Dictionary
Agricultural Chemical,Hawley's Condensed Chemical Dictionary
Allelopathic Chemical,Hawley's Condensed Chemical Dictionary
American Chemical Society,Hawley's Condensed Chemical Dictionary
Chemical Abstracts,Hawley's Condensed Chemical Dictionary
Chemical Abstracts Service,Hawley's Condensed Chemical Dictionary
Chemical Change,Hawley's Condensed Chemical Dictionary
Chemical Data Storage,Hawley's Condensed Chemical Dictionary
Chemical Dating,Hawley's Condensed Chemical Dictionary
Chemical Economics,Hawley's Condensed Chemical Dictionary
Chemical Deposition,Hawley's Condensed Chemical Dictionary
Chemical geology reviewers 2005,Chemical Geology
Chemical Reaction Equilibrium,Introduction to Chemical Engineering Computing
Chemical Reactors,Introduction to Chemical Engineering Computing
Chemical Index,Introduction to Chemical Engineering Computing
Theories of Chemical Reactions,An Introduction to Chemical Kinetics
Section III: Chemical Index,Quick Selection Guide to Chemical Protective Clothing
The Chemical Hazards,Proctor and Hughes' Chemical Hazards of the Workplace
Definitions of chemical poisoning,Chemical Health and Safety
Chemical reactors,Chemical Process Equipment
Chemical and Biological Engineering,Chemical Engineering Science
Chemical waste disposal costs,Chemical Health and Safety
Chemical donations,Chemical Health and Safety
Chemical Biology,Current Opinion in Chemical Biology
Eastern Pennsylvannia chemical plant explosions,Chemical Health and Safety
Chemical Abstracts Service Chemical Substance Index nomenclature,Chemical Nomenclature
Chemical mixtures,Food and Chemical Toxicology
Chemical libraries,Current Opinion in Chemical Biology
Chemical libraries,Current Opinion in Chemical Biology
Putting structure into chemical engineering,Chemical Engineering Science
Chemical Thermodynamics,Chemical Thermodynamics of Americium
Food and chemical toxicology,Food and Chemical Toxicology
Frontiers of Chemical Engineering Science,Chemical Engineering Science
Chemical engineering science editors 1952–1995,Chemical Engineering Science
International Symposia on Chemical Reaction Engineering,Chemical Engineering Science
"Coulson and Richardson's Chemical Engineering, Vol. 6: Chemical Engineering Design.",Chemical Engineering Science
Chemical hole diving,Chemical Physics Letters
Chemical Potential,Chemical Change in Deforming Materials
Chemical Potential Under Nonhydrostatic Stress,Chemical Change in Deforming Materials
Chemical engineering science,Chemical Engineering Science
Artificial Intelligence in Chemical Engineering.,Chemical Engineering Science
Chemical Oscillations and Instabilities. Non-linear Chemical Kinetics.,Chemical Engineering Science
Chemical Engineering,Chemical Engineering Science
Chemical Engineering Problems in Biotechnology,Chemical Engineering Science
12th International Symposium on Chemical Reaction Engineering,Computers & Chemical Engineering
FIRST CHEMICAL-QUALITY CHEMICAL,Chemical & Engineering News
Oil & chemical pollution,Oil and Chemical Pollution
"Chemical Reactors: Design, Engineering, Operation",Chemical Engineering Science
Optimization of Chemical Processes,Chemical Engineering Science
Random factors in chemical kinetics,Chemical Physics
FIRST CHEMICAL-QUALITY CHEMICAL,Chemical & Engineering News
Oil and chemical pollution,Oil and Chemical Pollution
"Obtaining chemical, environmental and chemical engineering information with NUMERICA",Chemical Information
International Conference on Advances in Chemical Engineerinfg,Chemical Engineering Science
Introduction to chemical enginnering thermodynamics,Chemical Engineering Science
Chemical engineering's grand adventure,Chemical Engineering Science
Chemical process control-CPCIII,Chemical Engineering Science
FIRSY CHEMICAL-QUALITY CHEMICAL,Chemical & Engineering News
Chemical reactor design,Chemical Engineering Science
Chemical Process Simulation,Chemical Engineering Science
Computer-Aided Chemical Engineering,Computer Aided Chemical Engineering
Chemical engineering vol. 6. An introduction to chemical engineering design,The Chemical Engineering Journal
Oil & chemical pollution,Oil and Chemical Pollution
Chemical and process thermodynamics,Chemical Engineering Science
Frontiers in chemical reaction engineering,Chemical Engineering Science
Biochemical Basis of Chemical Carcinogenesis,Food and Chemical Toxicology
Gas treating with chemical solvents,Chemical Engineering Science
Multiphase chemical reactors,Chemical Engineering Science
"Engineering foundation society of chemical engineers, Japan",Chemical Engineering Science
Chemical physics letters,Chemical Physics Letters
Hazards in the Chemical Laboratory,Food and Chemical Toxicology
Chemical Equilibrium in Relation to Chemical Kinetics,The Principles of Chemical Equilibrium
Chemical engineering science review articles,Chemical Engineering Science
Chemical engineering science review articles,Chemical Engineering Science
Chemical engineering science review articles,Chemical Engineering Science
Chemical engineering science review articles,Chemical Engineering Science
The Chemical Reactor Omnibook.,Chemical Engineering Science
"Chemical Engineering,",Chemical Engineering Science
The chemical reactor omnibook,The Chemical Engineering Journal
Chemical geothermometry in geothermal systems,Chemical Geology
Chemical Engineering,Chemical Engineering Science
Chemical petrology,Chemical Geology
Chemical reactor theory,The Chemical Engineering Journal
Chemical analysis of silicate rocks,Chemical Geology
Chemical methods of silicate analysis,Chemical Geology
“Chemical engineering science”,Chemical Engineering Science
The chemical engineering journal,Chemical Engineering Science
Chemical reactor theory,Chemical Engineering Science
The Principles of Chemical Equilibrium.,Chemical Engineering Science
Chemical Plant Simulation,Chemical Engineering Science
Chemical Engineering — An Introduction,Chemical Engineering Science
The condensed chemical dictionary,The Chemical Engineering Journal
The Soviet chemical industry,The Chemical Engineering Journal
Chemical efficiency in a pulsed HF laser,Chemical Physics Letters
Prebiotic and chemical evolution,Chemical Geology
The Computation of Chemical Equilibria,Chemical Engineering Science
Chemical variation in a pelitic hornfels,Chemical Geology
Chemical Reactions at High Pressures.,Chemical Engineering Science
Computational Techniques for Chemical Engineers.,Chemical Engineering Science
Advances in Chemical Engineering,Chemical Engineering Science
Methods in chemical and mineral microscopy,Chemical Geology
Chemical geology research in South Africa,Chemical Geology
Chemical Reaction Engineering.,Chemical Engineering Science
Chemical geology: Scope and intentions,Chemical Geology
Historical foundations of chemical geology and geochemistry,Chemical Geology
Chemical Reactor Theory—An Introduction,Chemical Engineering Science
New chemical engineering separation techniques,Chemical Engineering Science
Chemical reaction engineering,Chemical Engineering Science
Chemical processing of reactor fuels,Chemical Engineering Science
Chemical Engineering Materials,Chemical Engineering Science
Chemical engineering plant design,Chemical Engineering Science
Selection of current papers from non-chemical engineering jounals of interest to chemical engineers,Chemical Engineering Science
Selection of current papers from non-chemical engineering journals of interest to chemical engineers,Chemical Engineering Science
Chemical Engineering Practice.,Chemical Engineering Science
Advances in Chemical Engineering.,Chemical Engineering Science
Chemical engineering science,Chemical Engineering Science
Chemical Reaction Engineering,Chemical Engineering Science
Chemical Engineering Practice,Chemical Engineering Science
Chemical Phase Theory,Chemical Engineering Science
Chemical Engineering Practice.,Chemical Engineering Science
Nuclear Chemical Engineering,Chemical Engineering Science
Physical methods in chemical analysis.,Chemical Engineering Science
Chemical engineering kinetics,Chemical Engineering Science
Introduction to Chemical Engineering.,Chemical Engineering Science
Chemical Engineering Cost Estimation.,Chemical Engineering Science
Unit operations of chemical engineering.,Chemical Engineering Science
Principles of Chemical Engineering Thermodynamics.,Chemical Engineering Science
"Chemical process principles, part I",Chemical Engineering Science
Chemical engineering,Chemical Engineering Science
Chemical Engineering in Practice.,Chemical Engineering Science
Elementary chemical engineering.,Chemical Engineering Science
Chemical Engineering,Chemical Engineering Science
Physical Methods in Chemical Analysis,Chemical Engineering Science
Physical Methods in Chemical Analysis,Chemical Engineering Science
Physical Methods in Chemical Analysis,Chemical Engineering Science
Physics in Chemical Industry,Chemical Engineering Science
Chemical Checkers and Chemical Dominoes,Chemical & Engineering News
"The ""Chemical Age"" Chemical Dictionary: Chemical Terms",Journal of Chemical Education
The “Chemical Age” Chemical Dictionary: Chemical Terms,Nature
